business_id,vendor_name,billing_address,billing_city,billing_state,billing_zip_code,balance
14,Sarah Ross,390 Brianna Ports,Lake Barbara,IA,78351,
14,Lawrence Hull,500 Andrea Street Suite 900,Port Danielleville,KY,18461,
14,Regina Russell,691 Hill Overpass,East Robert,SC,93483,
14,James Wolfe,08866 Robert Common,Hicksview,GA,97774,
14,Dennis Curtis,97709 Anderson Mountain,North Devinborough,MS,67222,
14,Eric Washington,9662 Austin Greens,Holdermouth,NE,21913,
14,Bryan Simmons,73832 Kristen Keys Apt. 031,Port Lauraton,SC,45510,
14,Alex Tapia,12706 Guerrero Plaza,Nataliemouth,SC,34420,
14,Steven Hodges,7789 Martin Viaduct Suite 256,Lake Lindachester,SD,38265,
14,Vanessa Martinez,27703 Reese Spring,Lake Michael,MP,83198,
14,Abigail Fields,85135 Bell Motorway Apt. 940,West Ryanville,NC,63857,
14,Kimberly Ramirez,75592 Collins Pines Apt. 789,North Noahfort,NY,3066,
14,Arthur Jimenez,495 Jenkins Route,Kristinstad,AK,14085,
14,Amber Reyes,6652 James Crossing Apt. 592,East Nathan,WV,87109,
14,Elizabeth Turner,00380 Michael Island Apt. 992,South Juliestad,HI,59295,
14,Kimberly Graves,187 Reynolds Freeway,Edwardsbury,UT,64467,
14,James Webster,7550 Thomas Ports,New Michaelbury,SC,47009,
14,Jennifer Sims,USNV Mullen,FPO,AA,44113,
14,Susan Murphy,5874 Shirley Mission,Leebury,NH,54467,
14,Christopher Walter,9892 Harris Locks,New Michaelstad,AR,25626,
14,Lori Hoffman,92651 Woods Greens,Walkerburgh,WA,27322,
14,Amanda Richardson,364 Ford Views,East Noah,MN,39081,
14,Margaret Harvey,05573 Ernest Summit Suite 685,South Ann,NJ,17624,
14,Katelyn Rodriguez,707 Travis Drives,East Victorbury,GU,21334,
14,Jared Castaneda,622 Dana Canyon Suite 295,Wrightshire,RI,34221,
14,Eric Evans,08593 Daniel Extension,Cardenasmouth,PA,53144,
14,Adrian Garcia,602 Perry River,South Brianside,NE,89941,
14,Ryan Jimenez,22928 Carlos Squares Suite 761,Danielston,WA,84505,
14,John Glass,005 Smith Stream Suite 323,Penaview,WY,17437,
14,Joseph Walker,0307 Danielle Station,North Douglashaven,LA,37838,
14,James Miller,519 Clark River Apt. 772,Davidhaven,FL,24896,
14,Jeremy Stephens,789 Robertson Fords,North Williamchester,NJ,20929,
14,Jesse Becker,0427 Todd Landing Suite 358,North Joseph,AL,75367,
14,Julie Osborn,"PSC 2695, Box 4769",APO,AA,95146,
14,Amy Berry,6948 Lowe Fall Apt. 838,Kennedyburgh,WY,62678,
14,Douglas Martin,209 Morgan Stream Suite 512,North Katrinaland,TX,64701,
14,Margaret Jimenez,3820 Velasquez Mall Apt. 372,Lake Bryanborough,AL,58486,
14,Daryl James,USS Torres,FPO,AE,68575,
14,David Lee,5404 Daryl Forges,New Jillberg,MO,83765,
14,Mary Shea,Unit 9123 Box 4535,DPO,AP,49820,
14,Erin Mendoza,7543 Torres Cape,East April,KY,93806,
14,Timothy Roberts,017 Sherri Extensions,East Howardview,CT,57428,
14,Larry Hogan,07082 Hunter Track,New Christopher,CO,72149,
14,Mr. Nicholas Gardner,909 Black Trail,Gabriellechester,DE,70716,
14,Ashley Perez,6330 Jennifer Villages Apt. 043,Reneetown,HI,26856,
14,Melissa Griffin,"PSC 2169, Box 9139",APO,AA,29407,
14,Alison Chan,501 Patricia Brooks Apt. 578,Andreaborough,MH,91305,
14,Andrew Larson,13778 Rachel Haven,West Davidland,VT,80928,
14,Jacob Ingram,40478 Lauren Corners Apt. 461,West Rick,ID,38892,
14,Joseph Galvan,55937 Garcia Islands Suite 383,Port Tracy,VT,69198,
14,Molly Munoz,652 West Junction Suite 897,Chrisberg,WV,79178,
14,Michael Scott,Unit 5816 Box 1793,DPO,AE,62631,
14,Cody English,79575 Matthew Passage Apt. 712,Natalieburgh,NY,71183,
14,Laura Wilson,3622 Jennifer Greens,Port Jasonburgh,DE,82418,
14,Cynthia Avery,820 Mitchell Loaf Suite 461,Martinezchester,DC,20675,
14,Gloria Hansen,32162 Robert Islands Apt. 243,Kingport,FM,32935,
14,Scott Garrett,4623 Sims Lakes Suite 254,North Sarahland,FL,69007,
14,Mrs. Tracey Meyers,8700 Barnes Rest,North Joshua,OK,62298,
14,Veronica Oconnor,28738 Lozano Villages,Lake Ryan,MT,54636,
14,Patricia Rios,9329 Riley Estates,Knightville,VI,93699,
14,Brian Jones,Unit 6397 Box 9790,DPO,AE,14596,
14,Christopher Vaughn,862 Michael Lock,North Christina,GU,6949,
14,Theodore Gregory,736 Davis Creek Suite 888,Yvetteview,MH,3200,
14,Richard Conley,883 Shelby Views Suite 452,Millermouth,NH,35526,
14,Sharon Roberts,USCGC Smith,FPO,AP,78203,
14,Andrew Fox,713 Porter Ways Apt. 891,Lake Lauraberg,NY,2151,
14,Stacey Hernandez,2609 Erik Run Apt. 430,Lake Margaretside,FL,9130,
14,Andrew Vega,16136 Robert Shore Apt. 002,Butlermouth,WI,23271,
14,Alicia Bass,86036 Barker Orchard,New Patriciafort,MS,60955,
14,Bonnie Gonzalez,"PSC 0849, Box 4530",APO,AE,98978,
14,Vanessa Holmes,USNS Tran,FPO,AA,12363,
14,Heather Sullivan,0625 Ryan Road Suite 732,Fernandezberg,IA,66705,
14,Brandon Rocha,25000 Kelley Corners,East Andrewchester,MT,25093,
14,Christopher Pennington,49806 Kevin Plain,Lake Anthony,IL,49563,
14,Donna Norman,24703 Katherine Bypass,Wadeborough,TN,69140,
14,Kevin Contreras,5612 Rubio Gardens Suite 710,Lake Sophiahaven,GU,97537,
14,Mr. Robert Rivera PhD,Unit 5129 Box 7502,DPO,AP,78432,
14,Mary Schneider,0170 Miller Throughway Apt. 950,Josephville,DE,91862,
14,Jeffrey Gutierrez,066 Phillips Well Apt. 141,Michealton,DC,16898,
14,Morgan Anthony,93661 Phelps Forge,Collierfurt,WA,95248,
14,Gerald Clark,93554 Mcdowell Canyon Apt. 189,East Colleen,SC,11239,
14,Mrs. Lisa Richards,37475 Alexandra Village,Andersonton,CA,18330,
14,Kimberly Moore,17960 Terri Brooks,Whitneystad,NY,28793,
14,Timothy Peterson,751 Chelsea Views Apt. 362,Port Patricia,MT,40087,
14,Ian Bautista,USNS Thomas,FPO,AP,65406,
14,Taylor Williamson,773 Taylor Harbor Suite 242,North Sarahville,KY,89786,
14,John Roy,58205 Wiley Junction,Hotown,MT,41838,
14,Thomas Foster,1975 Teresa Trail Suite 617,Bridgeshaven,VI,19931,
14,Donna Carter,6649 Cynthia Bridge Suite 706,Clarkland,MP,24846,
14,Maria Wood,5523 Alexandra Cliffs Apt. 296,North Lorimouth,MD,78494,
14,James Ferguson,573 Teresa Park Apt. 527,Jeremiahhaven,AK,84540,
14,Tammy Davis,32393 Kimberly Trail,Catherineview,TN,23427,
14,Sherry Green,9066 Christopher Canyon,South Daniel,WV,73292,
14,Dr. Jennifer Porter DDS,USCGC Perry,FPO,AA,88041,
14,Angela Knapp,8507 Taylor Pass Apt. 414,Hansonside,DE,66939,
14,James Baker,89005 Mccarthy Island Suite 298,Nixonfurt,FM,63620,
14,Joseph Huff,84181 Mason Ferry,Port Garrett,WV,54510,
14,Charles Snyder,5688 Lawrence Courts,Powellbury,NH,66567,
14,Tami Petty,"PSC 5906, Box 5057",APO,AA,16032,
14,Karen Jackson,957 Cathy Summit Suite 580,Jessicabury,NH,96276,
