Industry,Question,Gold_SQL,Mixed_Raw_Response,Mixed_Generated_SQL
Construction,What acount had our biggest expense This fiscal year to date?,"select account, sum(debit) from master_txn_table as T1 join chart_of_accounts as T2 on T1.account = T2.account_name where account_type in ('Expense','Other Expense') and transaction_date BETWEEN date(current_date, '-3 months', 'start of year', '+3 months') AND date(current_date, '-3 months', 'start of year','+1 year', '+3 months', '-1 day') group by account order by sum(debit) desc limit 1","To determine which account had the biggest expense this fiscal year to date in SQLite, you need to aggregate the expenses by account and then find the maximum value. Assuming that the `Master_txn_table` has a column `amount` that represents the expense, we can use the following query:

```sql
SELECT 
    c.account_name,
    SUM(m.amount) AS total_expense
FROM 
    Master_txn_table m
JOIN 
    chart_of_account_OB c ON m.account = c.business_id
WHERE 
    m.transaction_type = 'Expense' -- Assuming 'Expense' is the type of transaction that represents an expense
    AND m.transaction_date >= DATE('now', '-1 year') -- Filter transactions from the last fiscal year
GROUP BY 
    c.account_name
ORDER BY 
    total_expense DESC
LIMIT 1;
```

### Explanation:
- **JOIN**: We join the `Master_txn_table` with the `chart_of_account_OB` table on the `account` field to get the account name.
- **WHERE**: We filter the transactions to include only those marked as 'Expense' and those that occurred within the last fiscal year.
- **GROUP BY**: We group the results by the account name.
- **SUM**: We calculate the total expense for each account.
- **ORDER BY**: We order the results by the total expense in descending order.
- **LIMIT 1**: We limit the result to the top entry, which will be the account with the highest expense.

### Assumptions:
- The `transaction_type` column in `Master_txn_table` indicates whether a transaction is an expense or not.
- The `transaction_date` column in `Master_txn_table` is used to","SELECT 
    c.account_name,
    SUM(m.amount) AS total_expense
FROM 
    Master_txn_table m
JOIN 
    chart_of_account_OB c ON m.account = c.business_id
WHERE 
    m.transaction_type = 'Expense' -- Assuming 'Expense' is the type of transaction that represents an expense
    AND m.transaction_date >= DATE('now', '-1 year') -- Filter transactions from the last fiscal year
GROUP BY 
    c.account_name
ORDER BY 
    total_expense DESC
LIMIT 1;"
Construction,What was the mean bill Amanda Fry received from Robin Wright?,"select avg(credit) from master_txn_table where customers = ""Amanda Fry"" and transaction_type = 'bill' and vendor = ""Robin Wright""","To find the mean bill Amanda Fry received from Robin Wright, you need to join multiple tables and filter by the relevant customers and vendors. Here's a step-by-step breakdown of how to construct this query:

1. Join the `customer_table` with the `vendor_table` on the `business_id`.
2. Join the `customer_table` with the `Master_txn_table` on the `business_id` and `customer_name`.
3. Filter the results to include only transactions where the `customer_name` is ""Amanda Fry"" and the `vendor_name` is ""Robin Wright"".
4. Calculate the mean of the `amount` column.

Here's the SQL query that accomplishes this:

```sql
SELECT AVG(amount) AS mean_bill
FROM (
    SELECT m.amount
    FROM Master_txn_table m
    JOIN customer_table c ON m.business_id = c.business_id AND c.customer_name = 'Amanda Fry'
    JOIN vendor_table v ON m.business_id = v.business_id AND v.vendor_name = 'Robin Wright'
) AS subquery;
```

Explanation:
- The subquery joins the `Master_txn_table`, `customer_table`, and `vendor_table` based on the `business_id` and specific names.
- The outer query calculates the average (`AVG`) of the `amount` column from the subquery.

This query assumes that there is a unique match between the `customer_name` and `vendor_name` in the respective tables. If there could be multiple matches or if you need to handle more complex scenarios, additional conditions or joins might be necessary.","SELECT AVG(amount) AS mean_bill
FROM (
    SELECT m.amount
    FROM Master_txn_table m
    JOIN customer_table c ON m.business_id = c.business_id AND c.customer_name = 'Amanda Fry'
    JOIN vendor_table v ON m.business_id = v.business_id AND v.vendor_name = 'Robin Wright'
) AS subquery;"
Construction,What acount had our biggest expense YTD?,"select account, sum(debit) from master_txn_table as T1 join chart_of_accounts as T2 on T1.account = T2.account_name where account_type in ('Expense','Other Expense') and transaction_date BETWEEN date(current_date, 'start of year') AND date(current_date)group by account order by sum(debit) desc limit 1","To determine which account had the biggest expense year-to-date (YTD), you need to sum up all the expenses for each account and then identify the one with the highest total. Assuming that the `transaction_type` column in the `Master_txn_table` indicates whether a transaction is an expense (`purchase` or `credit`), we can write the following SQLite query:

```sql
SELECT 
    c.account_name,
    SUM(m.amount) AS total_expense
FROM 
    Master_txn_table m
JOIN 
    chart_of_account_OB c ON m.account = c.business_id
WHERE 
    m.transaction_type IN ('purchase', 'credit')
    AND m.transaction_date >= DATE('now', '-1 year')
GROUP BY 
    c.account_name
ORDER BY 
    total_expense DESC
LIMIT 1;
```

### Explanation:
- **JOIN**: We join the `Master_txn_table` with the `chart_of_account_OB` table on the `account` field to get the account name.
- **WHERE**: We filter transactions where the `transaction_type` is either `'purchase'` or `'credit'`, and the `transaction_date` is within the last year.
- **GROUP BY**: We group the results by the account name to aggregate the expenses per account.
- **SUM**: We calculate the total expense for each account.
- **ORDER BY**: We order the results by the total expense in descending order.
- **LIMIT**: Finally, we limit the result to only return the account with the highest total expense.

This query will give you the account with the largest total expense for the current year.","SELECT 
    c.account_name,
    SUM(m.amount) AS total_expense
FROM 
    Master_txn_table m
JOIN 
    chart_of_account_OB c ON m.account = c.business_id
WHERE 
    m.transaction_type IN ('purchase', 'credit')
    AND m.transaction_date >= DATE('now', '-1 year')
GROUP BY 
    c.account_name
ORDER BY 
    total_expense DESC
LIMIT 1;"
Construction,What was the min invoice value for Retailing Wardrobe in Last 30 days?,"select min(credit) from master_txn_table where transaction_type = 'invoice' and instr(account,""Retailing Wardrobe"") and transaction_date BETWEEN date( current_date, ""-30 days"") AND date( current_date)","To find the minimum invoice value for the ""Retailing Wardrobe"" category within the last 30 days, you can use the following SQLite query:

```sql
SELECT MIN(amount) AS min_invoice_value
FROM Master_txn_table
JOIN product_service_table ON Master_txn_table.business_id = product_service_table.business_id
WHERE product_service = 'Retailing Wardrobe'
AND transaction_date >= DATE('now', '-30 days');
```

### Explanation:
- **Master_txn_table**: This table contains all the transaction details.
- **product_service_table**: This table maps the `product_service` column from `Master_txn_table` to its corresponding service type.
- **JOIN**: We join these two tables on the `business_id` to ensure that we are filtering transactions related to the specific business.
- **WHERE clause**: We filter the transactions where the `product_service` is 'Retailing Wardrobe' and the `transaction_date` is within the last 30 days.
- **MIN(amount)**: We select the minimum value of the `amount` column, which represents the invoice value.

This query will return the minimum invoice value for the ""Retailing Wardrobe"" category within the last 30 days.","SELECT MIN(amount) AS min_invoice_value
FROM Master_txn_table
JOIN product_service_table ON Master_txn_table.business_id = product_service_table.business_id
WHERE product_service = 'Retailing Wardrobe'
AND transaction_date >= DATE('now', '-30 days');"
Construction,What was the lowest invoice value for Maintenance and Repair in Last 7 days?,"select min(credit) from master_txn_table where transaction_type = 'invoice' and instr(account,""Maintenance and Repair"") and transaction_date BETWEEN date( current_date, ""-7 days"") AND date( current_date)","To find the lowest invoice value for Maintenance and Repair transactions within the last 7 days, you can use the following SQLite query:

```sql
SELECT 
    MIN(amount) AS min_invoice_value
FROM 
    Master_txn_table
JOIN 
    product_service_table ON Master_txn_table.business_id = product_service_table.business_id AND Master_txn_table.product_service = product_service_table.product_service
WHERE 
    Master_txn_table.transaction_date >= DATE('now', '-7 days')
    AND Master_txn_table.product_service = 'Maintenance and Repair';
```

### Explanation:
1. **Master_txn_table**: This table contains all the transaction details.
2. **product_service_table**: This table maps the `product_service` column from `Master_txn_table` to its corresponding type (`product_service_type`).
3. **JOIN**: We join `Master_txn_table` with `product_service_table` on the `business_id` and `product_service` columns to filter by the specific product service.
4. **WHERE Clause**: We filter the transactions to include only those that occurred within the last 7 days using the `DATE('now', '-7 days')` function.
5. **MIN(amount)**: We select the minimum value of the `amount` column to get the lowest invoice value.

This query will return the lowest invoice value for Maintenance and Repair transactions within the last 7 days.","SELECT 
    MIN(amount) AS min_invoice_value
FROM 
    Master_txn_table
JOIN 
    product_service_table ON Master_txn_table.business_id = product_service_table.business_id AND Master_txn_table.product_service = product_service_table.product_service
WHERE 
    Master_txn_table.transaction_date >= DATE('now', '-7 days')
    AND Master_txn_table.product_service = 'Maintenance and Repair';"
Construction,What was the lowest invoice value for Manufacturing industrial organic gases in yesterday?,"select min(credit) from master_txn_table where transaction_type = 'invoice' and instr(account,""Manufacturing industrial organic gases"") and transaction_date BETWEEN date( current_date, ""-1 day"") AND date( current_date, ""-1 day"")","To find the lowest invoice value for ""Manufacturing industrial organic gases"" from yesterday, you need to join multiple tables and filter by the relevant conditions. Here's a step-by-step breakdown of the query:

1. Join `Master_txn_table` with `product_service_table` on `business_id`.
2. Filter the records where `transaction_type` is 'invoice' and `product_service` is 'Manufacturing industrial organic gases'.
3. Filter the records for transactions that occurred yesterday.
4. Select the minimum `amount` as the lowest invoice value.

Here's the SQLite query:

```sql
SELECT MIN(amount) AS lowest_invoice_value
FROM Master_txn_table
JOIN product_service_table ON Master_txn_table.business_id = product_service_table.business_id
WHERE transaction_type = 'invoice'
  AND product_service = 'Manufacturing industrial organic gases'
  AND transaction_date = DATE('now', '-1 day');
```

Explanation:
- `MIN(amount)` is used to find the smallest value in the `amount` column.
- `DATE('now', '-1 day')` is used to get the date one day before today.
- The `JOIN` clause links the `Master_txn_table` and `product_service_table` based on the `business_id`.
- The `WHERE` clause filters the records to include only those where `transaction_type` is 'invoice' and `product_service` is 'Manufacturing industrial organic gases'.

This query will return the lowest invoice value for ""Manufacturing industrial organic gases"" from yesterday.","SELECT MIN(amount) AS lowest_invoice_value
FROM Master_txn_table
JOIN product_service_table ON Master_txn_table.business_id = product_service_table.business_id
WHERE transaction_type = 'invoice'
  AND product_service = 'Manufacturing industrial organic gases'
  AND transaction_date = DATE('now', '-1 day');"
Construction,What was the average invoice value for Manufacturing peppermint oil in Last year?,"select avg(credit) from master_txn_table where transaction_type = 'invoice' and instr(account,""Manufacturing peppermint oil"") and transaction_date BETWEEN date(current_date, 'start of year', '-1 days', 'start of year') AND date(current_date, 'start of year', '-1 days')","To find the average invoice value for ""Manufacturing peppermint oil"" in the last year, you need to join multiple tables and filter by the relevant conditions. Here's a step-by-step breakdown of the query:

1. Join `Master_txn_table` with `product_service_table` on `business_id`.
2. Filter the records where the `product_service` is ""Manufacturing peppermint oil"".
3. Filter the records from the last year.
4. Calculate the average `amount` for these records.

Here's the SQLite query:

```sql
SELECT 
    AVG(amount) AS average_invoice_value
FROM 
    Master_txn_table mt
JOIN 
    product_service_table psv ON mt.business_id = psv.business_id
WHERE 
    psv.product_service = 'Manufacturing peppermint oil'
    AND strftime('%Y', mt.transaction_date) = strftime('%Y', date('now') - interval '1 year');
```

### Explanation:
- `AVG(amount)` calculates the average of the `amount` column.
- `JOIN` combines rows from `Master_txn_table` and `product_service_table` based on the `business_id`.
- `WHERE psv.product_service = 'Manufacturing peppermint oil'` filters the records where the `product_service` is ""Manufacturing peppermint oil"".
- `strftime('%Y', mt.transaction_date) = strftime('%Y', date('now') - interval '1 year')` filters the records from the last year. This uses the `strftime` function to extract the year from the `transaction_date` and compares it to the current year minus one year.

This query should give you the average invoice value for ""Manufacturing peppermint oil"" in the last","SELECT 
    AVG(amount) AS average_invoice_value
FROM 
    Master_txn_table mt
JOIN 
    product_service_table psv ON mt.business_id = psv.business_id
WHERE 
    psv.product_service = 'Manufacturing peppermint oil'
    AND strftime('%Y', mt.transaction_date) = strftime('%Y', date('now') - interval '1 year');"
Construction,What acount had our biggest expense in may last year?,"select account, sum(debit) from master_txn_table as T1 join chart_of_accounts as T2 on T1.account = T2.account_name where account_type in ('Expense','Other Expense') and transaction_date BETWEEN date(current_date, '-1 year', 'start of year', '+4 month') AND date(current_date, '-1 year', 'start of year', '+5 month', '-1 day') group by account order by sum(debit) desc limit 1","To find the account that had the biggest expense in May of the previous year, you can use the following SQLite query:

```sql
SELECT 
    c.account_name,
    SUM(m.amount) AS total_expense
FROM 
    Master_txn_table m
JOIN 
    chart_of_account_OB c ON m.account = c.business_id
WHERE 
    m.transaction_date BETWEEN DATE('2023-05-01', '-1 year') AND DATE('2023-05-31')
GROUP BY 
    c.account_name
ORDER BY 
    total_expense DESC
LIMIT 1;
```

### Explanation:
1. **Master_txn_table**: This table contains all the transaction details including the `account` field which links to the `chart_of_account_OB` table.
2. **chart_of_account_OB**: This table provides the account name and full name for each account.
3. **JOIN**: We join the `Master_txn_table` with the `chart_of_account_OB` table on the `account` field.
4. **WHERE**: We filter the transactions to only include those from May of the previous year (`2023-05-01` to `2023-05-31`).
5. **GROUP BY**: We group the results by the account name to aggregate the expenses per account.
6. **SUM**: We calculate the total expense for each account.
7. **ORDER BY**: We order the results by the total expense in descending order so that the highest expense is at the top.
8. **LIMIT 1**: Finally, we limit the result to just one row, which will be the account with the","SELECT 
    c.account_name,
    SUM(m.amount) AS total_expense
FROM 
    Master_txn_table m
JOIN 
    chart_of_account_OB c ON m.account = c.business_id
WHERE 
    m.transaction_date BETWEEN DATE('2023-05-01', '-1 year') AND DATE('2023-05-31')
GROUP BY 
    c.account_name
ORDER BY 
    total_expense DESC
LIMIT 1;"
Construction,What was the first invoice value for Stationery & Printing in This fiscal year to date?,"select min(credit) from master_txn_table where transaction_type = 'invoice' and instr(account,""Stationery & Printing"") and transaction_date BETWEEN date(current_date, '-3 months', 'start of year', '+3 months') AND date(current_date, '-3 months', 'start of year','+1 year', '+3 months', '-1 day')","To find the first invoice value for Stationery & Printing in the current fiscal year to date using SQLite, you need to follow these steps:

1. Identify the fiscal year from the `transaction_date`.
2. Filter transactions where the `product_service` is 'Stationery & Printing'.
3. Determine the current fiscal year.
4. Find the earliest invoice value within that fiscal year.

Here's a sample query to achieve this:

```sql
WITH FiscalYear AS (
    SELECT 
        strftime('%Y', 'now') AS current_year
),
InvoiceDetails AS (
    SELECT 
        t1.transaction_id,
        t1.transaction_date,
        t1.amount,
        t1.product_service,
        t1.customer_name,
        t1.vendor_name,
        t1.due_date,
        t1.open_balance,
        t1.po_status,
        t1.estimate_status,
        t1.created_date,
        t1.created_user,
        t1.account,
        t1.a_r_paid,
        t1.a_p_paid,
        t1.credit,
        t1.debit,
        t1.sale,
        t1.purchase,
        t1.billable,
        t1.invoiced,
        t1.cleared,
        t1.payment_method,
        t1.misc_(business_specific_fields)
    FROM Master_txn_table t1
    JOIN chart_of_account_OB coa ON t1.account = coa.account_name
    WHERE t1.product_service = 'Stationery & Printing'
      AND strftime('%Y', t1.transaction_date) = (SELECT current_year FROM FiscalYear)
)
SELECT 
    MIN(amount) AS first_invoice_value
FROM InvoiceDetails;
```

### Explanation:
1. **Fiscal","WITH FiscalYear AS (
    SELECT 
        strftime('%Y', 'now') AS current_year
),
InvoiceDetails AS (
    SELECT 
        t1.transaction_id,
        t1.transaction_date,
        t1.amount,
        t1.product_service,
        t1.customer_name,
        t1.vendor_name,
        t1.due_date,
        t1.open_balance,
        t1.po_status,
        t1.estimate_status,
        t1.created_date,
        t1.created_user,
        t1.account,
        t1.a_r_paid,
        t1.a_p_paid,
        t1.credit,
        t1.debit,
        t1.sale,
        t1.purchase,
        t1.billable,
        t1.invoiced,
        t1.cleared,
        t1.payment_method,
        t1.misc_(business_specific_fields)
    FROM Master_txn_table t1
    JOIN chart_of_account_OB coa ON t1.account = coa.account_name
    WHERE t1.product_service = 'Stationery & Printing'
      AND strftime('%Y', t1.transaction_date) = (SELECT current_year FROM FiscalYear)
)
SELECT 
    MIN(amount) AS first_invoice_value
FROM InvoiceDetails;"
Construction,What acount had our biggest expense This week to date?,"select account, sum(debit) from master_txn_table as T1 join chart_of_accounts as T2 on T1.account = T2.account_name where account_type in ('Expense','Other Expense') and transaction_date BETWEEN date( current_date, ""weekday 0"", ""-7 days"") AND date( current_date) group by account order by sum(debit) desc limit 1","To determine which account had the biggest expense this week to date, you need to aggregate the expenses by account and then find the one with the highest total expense. Assuming that the `Master_txn_table` has a column `amount` that represents the expense, you can use the following SQLite query:

```sql
SELECT 
    c.account_name,
    SUM(m.amount) AS total_expense
FROM 
    Master_txn_table m
JOIN 
    chart_of_account_OB c ON m.account = c.business_id
WHERE 
    m.transaction_date >= DATE('now', '-7 days')
GROUP BY 
    c.account_name
ORDER BY 
    total_expense DESC
LIMIT 1;
```

### Explanation:
- **JOIN**: We join the `Master_txn_table` with the `chart_of_account_OB` table on the `account` field to get the account name.
- **WHERE**: We filter the transactions to include only those from the last 7 days using the `transaction_date` column.
- **GROUP BY**: We group the results by the account name to calculate the total expense for each account.
- **SUM**: We sum up the `amount` for each account.
- **ORDER BY**: We order the results in descending order of total expense.
- **LIMIT 1**: Finally, we limit the result to just the top entry, which will be the account with the biggest expense.

This query assumes that the `Master_txn_table` has an `amount` column that represents the expense. Adjust the column names if they differ in your actual schema.","SELECT 
    c.account_name,
    SUM(m.amount) AS total_expense
FROM 
    Master_txn_table m
JOIN 
    chart_of_account_OB c ON m.account = c.business_id
WHERE 
    m.transaction_date >= DATE('now', '-7 days')
GROUP BY 
    c.account_name
ORDER BY 
    total_expense DESC
LIMIT 1;"
Construction,What acount had our biggest expense This year?,"select account, sum(debit) from master_txn_table as T1 join chart_of_accounts as T2 on T1.account = T2.account_name where account_type in ('Expense','Other Expense') and transaction_date BETWEEN date(current_date, 'start of year') AND date(current_date) group by account order by sum(debit) desc limit 1","To determine which account had the biggest expense this year in SQLite, you need to aggregate the expenses by account and then find the maximum expense amount. Here's a step-by-step approach:

1. Identify the relevant transactions that are expenses (i.e., `transaction_type` is 'Expense').
2. Sum up the amounts for each account.
3. Find the account with the highest total expense.

Here's the SQL query to achieve this:

```sql
SELECT 
    c.account_name,
    SUM(m.amount) AS total_expense
FROM 
    Master_txn_table m
JOIN 
    chart_of_account_OB c ON m.account = c.business_id AND m.transaction_type = 'Expense'
WHERE 
    strftime('%Y', m.transaction_date) = '2023' -- Assuming 2023 is the current year
GROUP BY 
    c.account_name
ORDER BY 
    total_expense DESC
LIMIT 1;
```

### Explanation:
- **Master_txn_table**: This table contains all transaction details.
- **chart_of_account_OB**: This table maps the accounts to their names and types.
- **strftime('%Y', m.transaction_date)**: This function extracts the year from the `transaction_date`.
- **WHERE strftime('%Y', m.transaction_date) = '2023'**: This filters the transactions to only those from the year 2023.
- **GROUP BY c.account_name**: This groups the results by account name.
- **SUM(m.amount)**: This sums up the amounts for each account.
- **ORDER BY total_expense DESC**: This orders the results in descending order of total expense.
- **LIMIT 1**: This limits the result to the top","SELECT 
    c.account_name,
    SUM(m.amount) AS total_expense
FROM 
    Master_txn_table m
JOIN 
    chart_of_account_OB c ON m.account = c.business_id AND m.transaction_type = 'Expense'
WHERE 
    strftime('%Y', m.transaction_date) = '2023' -- Assuming 2023 is the current year
GROUP BY 
    c.account_name
ORDER BY 
    total_expense DESC
LIMIT 1;"
Construction,What acount had our biggest expense in q1 this year?,"select account, sum(debit) from master_txn_table as T1 join chart_of_accounts as T2 on T1.account = T2.account_name where account_type in ('Expense','Other Expense') and transaction_date BETWEEN date(current_date, 'start of year') AND date(current_date, 'start of year', '+3 month', '-1 day') group by account order by sum(debit) desc limit 1","To determine which account had the biggest expense in Q1 of the current year, you need to aggregate the expenses by account and then filter those results to only include transactions from Q1. Here's a step-by-step approach:

1. Identify all transactions that occurred in Q1 of the current year.
2. Sum up the expenses (amounts) for each account.
3. Find the account with the highest total expense.

Here is the SQL query to achieve this:

```sql
WITH Q1_expenses AS (
    SELECT 
        mta.account,
        SUM(mta.amount) AS total_expense
    FROM 
        Master_txn_table mta
    WHERE 
        strftime('%Y-%m', mta.transaction_date) = strftime('%Y-%m', 'now') AND 
        strftime('%Q', mta.transaction_date) = '1'
    GROUP BY 
        mta.account
)
SELECT 
    account,
    total_expense
FROM 
    Q1_expenses
ORDER BY 
    total_expense DESC
LIMIT 1;
```

### Explanation:
- **CTE (Common Table Expression):** `Q1_expenses` is used to calculate the total expense for each account in Q1.
  - `strftime('%Y-%m', mta.transaction_date)` extracts the year and month from the transaction date.
  - `strftime('%Q', mta.transaction_date)` extracts the quarter from the transaction date.
  - The condition `strftime('%Y-%m', mta.transaction_date) = strftime('%Y-%m', 'now')` ensures we're looking at transactions from the current year.
  - The condition `strftime('%Q', mta.transaction_date) = '1'","WITH Q1_expenses AS (
    SELECT 
        mta.account,
        SUM(mta.amount) AS total_expense
    FROM 
        Master_txn_table mta
    WHERE 
        strftime('%Y-%m', mta.transaction_date) = strftime('%Y-%m', 'now') AND 
        strftime('%Q', mta.transaction_date) = '1'
    GROUP BY 
        mta.account
)
SELECT 
    account,
    total_expense
FROM 
    Q1_expenses
ORDER BY 
    total_expense DESC
LIMIT 1;"
Construction,What acount had our biggest expense This fiscal year?,"select account, sum(debit) from master_txn_table as T1 join chart_of_accounts as T2 on T1.account = T2.account_name where account_type in ('Expense','Other Expense') and transaction_date BETWEEN date(current_date, '-3 months', 'start of year', '+3 months') AND date(current_date) group by account order by sum(debit) desc limit 1","To determine which account had the biggest expense this fiscal year in SQLite, you need to aggregate the expenses by account and then find the maximum expense amount. Here's a step-by-step approach:

1. Identify the fiscal year from the `transaction_date`.
2. Sum up the `amount` for each account where the `transaction_type` is related to an expense (e.g., `purchase`, `billable`, etc.).
3. Find the account with the highest total expense.

Assuming that the fiscal year is determined by the `transaction_date` and we consider the fiscal year as the year part of the date, here is the SQL query:

```sql
WITH FiscalYear AS (
    SELECT 
        strftime('%Y', transaction_date) AS fiscal_year,
        account
    FROM 
        Master_txn_table
    WHERE 
        transaction_type IN ('purchase', 'billable') -- Adjust the transaction types as needed
)
SELECT 
    account,
    SUM(amount) AS total_expense
FROM 
    FiscalYear
GROUP BY 
    account
ORDER BY 
    total_expense DESC
LIMIT 1;
```

### Explanation:
- **FiscalYear CTE**: This Common Table Expression (CTE) extracts the fiscal year from the `transaction_date` and filters the transactions based on the `transaction_type` that indicates an expense (`purchase` or `billable` in this example).
- **Main Query**: It groups the results by `account` and sums up the `amount` for each account. Then it orders the results by the total expense in descending order and limits the result to the top one, which will be the account with the biggest expense.

### Notes:
- You may need to adjust the","WITH FiscalYear AS (
    SELECT 
        strftime('%Y', transaction_date) AS fiscal_year,
        account
    FROM 
        Master_txn_table
    WHERE 
        transaction_type IN ('purchase', 'billable') -- Adjust the transaction types as needed
)
SELECT 
    account,
    SUM(amount) AS total_expense
FROM 
    FiscalYear
GROUP BY 
    account
ORDER BY 
    total_expense DESC
LIMIT 1;"
Construction,What acount had our biggest expense This fiscal year?,"select account, sum(debit) from master_txn_table as T1 join chart_of_accounts as T2 on T1.account = T2.account_name where account_type in ('Expense','Other Expense') and transaction_date BETWEEN date(current_date, '-3 months', 'start of year', '+3 months') AND date(current_date) group by account order by sum(debit) desc limit 1","To determine which account had the biggest expense this fiscal year, we need to sum up all the expenses for each account and then identify the one with the highest total. Assuming that the `transaction_type` column in the `Master_txn_table` indicates whether a transaction is an expense or not, we can filter out the expenses and then aggregate them by account.

Here's a SQLite query to achieve this:

```sql
SELECT 
    c.account_name,
    SUM(m.amount) AS total_expense
FROM 
    Master_txn_table m
JOIN 
    chart_of_account_OB c ON m.account = c.business_id AND m.account = c.account_name
WHERE 
    m.transaction_type = 'Expense'
    AND strftime('%Y', m.transaction_date) = strftime('%Y', 'now')
GROUP BY 
    c.account_name
ORDER BY 
    total_expense DESC
LIMIT 1;
```

### Explanation:
- **JOIN**: We join the `Master_txn_table` with the `chart_of_account_OB` table on the `account` field to get the account name.
- **WHERE**: We filter transactions where the `transaction_type` is 'Expense' and the `transaction_date` falls within the current fiscal year using `strftime('%Y', m.transaction_date) = strftime('%Y', 'now')`.
- **GROUP BY**: We group the results by the account name to aggregate the expenses per account.
- **ORDER BY**: We order the results by the total expense in descending order.
- **LIMIT 1**: Finally, we limit the result to only return the account with the highest total expense.

This query will give you the account with the biggest expense for the current fiscal year. Adjust the `transaction_type","SELECT 
    c.account_name,
    SUM(m.amount) AS total_expense
FROM 
    Master_txn_table m
JOIN 
    chart_of_account_OB c ON m.account = c.business_id AND m.account = c.account_name
WHERE 
    m.transaction_type = 'Expense'
    AND strftime('%Y', m.transaction_date) = strftime('%Y', 'now')
GROUP BY 
    c.account_name
ORDER BY 
    total_expense DESC
LIMIT 1;"
Construction,What acount had our biggest expense This week to date?,"select account, sum(debit) from master_txn_table as T1 join chart_of_accounts as T2 on T1.account = T2.account_name where account_type in ('Expense','Other Expense') and transaction_date BETWEEN date( current_date, ""weekday 0"", ""-7 days"") AND date( current_date) group by account order by sum(debit) desc limit 1","To determine which account had the biggest expense this week to date, you need to aggregate the expenses by account and then find the one with the highest total expense. Here's a step-by-step approach:

1. Identify the transactions that have been recorded so far this week.
2. Sum up the expenses for each account.
3. Find the account with the highest total expense.

Assuming the `Master_txn_table` has a column `transaction_type` that indicates whether it's an expense (`expense`), we can write the following SQLite query:

```sql
WITH WeeklyExpenses AS (
    SELECT 
        m.account,
        SUM(m.amount) AS total_expense
    FROM 
        Master_txn_table m
    WHERE 
        m.transaction_type = 'expense'
        AND m.transaction_date >= DATE('now', '-7 days')
    GROUP BY 
        m.account
)
SELECT 
    account,
    total_expense
FROM 
    WeeklyExpenses
ORDER BY 
    total_expense DESC
LIMIT 1;
```

### Explanation:
- **WeeklyExpenses CTE**: This Common Table Expression (CTE) calculates the total expense for each account within the last 7 days.
- **WHERE clause**: Filters the transactions to include only those from the last 7 days.
- **GROUP BY**: Groups the results by account to sum up the expenses for each account.
- **ORDER BY**: Orders the results by the total expense in descending order.
- **LIMIT 1**: Limits the result to the top row, which represents the account with the highest total expense.

This query will give you the account name and the total expense for that account over the past 7 days. If you want to include more details","WITH WeeklyExpenses AS (
    SELECT 
        m.account,
        SUM(m.amount) AS total_expense
    FROM 
        Master_txn_table m
    WHERE 
        m.transaction_type = 'expense'
        AND m.transaction_date >= DATE('now', '-7 days')
    GROUP BY 
        m.account
)
SELECT 
    account,
    total_expense
FROM 
    WeeklyExpenses
ORDER BY 
    total_expense DESC
LIMIT 1;"
Retail,How much revenue came through John Roberson This quarter?,"select sum(credit) from master_txn_table as T1 join chart_of_accounts as T2 on T1.account = T2.account_name where customers = """"John Roberson"""" and account_type in ('Income','Other Income') and transaction_date >= strftime('%Y-%m-%d', strftime('%Y', 'now', '-1 year') || '-' || substr('00' || (((strftime('%m', 'now') - 1) / 3) * 3 + 1), -2, 2) || '-01')","To determine the total revenue that came through John Roberson this quarter, you need to sum up all the `sale` transactions where the `created_user` is ""John Roberson"" and the `transaction_date` falls within the current quarter.

Here's a SQLite query to achieve this:

```sql
SELECT SUM(amount) AS total_revenue
FROM Master_txn_table
WHERE created_user = 'John Roberson'
  AND strftime('%Y-%m', transaction_date) IN (
    SELECT strftime('%Y-%m', date('now', '-3 months'))
  );
```

### Explanation:
1. **`strftime('%Y-%m', transaction_date)`**: This function extracts the year and month from the `transaction_date`. It helps in filtering transactions based on the current quarter.
2. **`strftime('%Y-%m', date('now', '-3 months'))`**: This part calculates the start of the previous quarter by subtracting three months from the current date.
3. **`IN` clause**: This ensures that only transactions from the current quarter are considered.
4. **`SUM(amount)`**: This sums up all the `amount` values for the filtered transactions.

Make sure to adjust the `created_user` value if it's not exactly ""John Roberson"". If there are any special characters or spaces in the name, you might need to use `LIKE` with wildcards or escape characters.

If you want to include transactions from the entire quarter instead of just the last three months, you can modify the date subtraction accordingly.","SELECT SUM(amount) AS total_revenue
FROM Master_txn_table
WHERE created_user = 'John Roberson'
  AND strftime('%Y-%m', transaction_date) IN (
    SELECT strftime('%Y-%m', date('now', '-3 months'))
  );"
Retail,Check the sales receipts record and compute the average quantities ordered with the payment method [payment_method].,"SELECT avg(quantity_per_transaction) FROM (select transaction_id, sum(quantity) as quantity_per_transaction from master_txn_table where transaction_type = 'sales receipt' and payment_method = ""[payment_method]"" group by transaction_id)","To compute the average quantities ordered for each payment method, you can use the `Master_txn_table` to join with the `payment_method` table on the `business_id` column. Then, group by the `payment_method` and calculate the average of the `quantity` column.

Here is the SQL query to achieve this:

```sql
SELECT 
    pm.payment_method,
    AVG(mt.quantity) AS avg_quantity
FROM 
    Master_txn_table mt
JOIN 
    payment_method pm ON mt.business_id = pm.business_id
GROUP BY 
    pm.payment_method;
```

### Explanation:
- **Master_txn_table**: This table contains all the transaction records including the `quantity` field which represents the number of items sold or purchased.
- **payment_method**: This table contains the payment methods used for transactions.
- **JOIN**: We join these two tables using the `business_id` to ensure that we only consider transactions from the same business.
- **AVG(mt.quantity)**: This calculates the average quantity for each payment method.
- **GROUP BY pm.payment_method**: This groups the results by the payment method so that we get an average quantity per payment method.

This query will return a list of payment methods along with their corresponding average quantities ordered.","SELECT 
    pm.payment_method,
    AVG(mt.quantity) AS avg_quantity
FROM 
    Master_txn_table mt
JOIN 
    payment_method pm ON mt.business_id = pm.business_id
GROUP BY 
    pm.payment_method;"
Retail,When was the last time we sold Photography,"select transaction_date from master_txn_table as T1 join chart_of_accounts as T2 on T1.account = T2.account_name where account_type in ('Income','Other Income') and product_service = ""Photography"" order by transaction_date desc limit 1","To determine when the last time a Photography product service was sold, you can use the following SQLite query:

```sql
SELECT MAX(transaction_date) AS last_sold_date
FROM Master_txn_table
JOIN product_service_table ON Master_txn_table.business_id = product_service_table.business_id
WHERE product_service_table.product_service = 'Photography';
```

This query joins the `Master_txn_table` with the `product_service_table` on the `business_id` and filters the results to only include rows where the `product_service` is 'Photography'. It then selects the maximum `transaction_date` from these rows, which will give you the date of the last sale for the Photography product service.","SELECT MAX(transaction_date) AS last_sold_date
FROM Master_txn_table
JOIN product_service_table ON Master_txn_table.business_id = product_service_table.business_id
WHERE product_service_table.product_service = 'Photography';"
Retail,When was the last time we sold Application Hosting,"select transaction_date from master_txn_table as T1 join chart_of_accounts as T2 on T1.account = T2.account_name where account_type in ('Income','Other Income') and product_service = ""Application Hosting"" order by transaction_date desc limit 1","To determine when the last time an application hosting service was sold, you can use the following SQLite query:

```sql
SELECT 
    MAX(transaction_date) AS last_sold_date
FROM 
    Master_txn_table
JOIN 
    product_service_table ON Master_txn_table.business_id = product_service_table.business_id
WHERE 
    product_service_table.product_service = 'Application Hosting';
```

This query joins the `Master_txn_table` with the `product_service_table` on the `business_id` to filter transactions related to the specific product service type ""Application Hosting"". It then selects the maximum `transaction_date` from the filtered transactions to find the last date of a sale for this product service.","SELECT 
    MAX(transaction_date) AS last_sold_date
FROM 
    Master_txn_table
JOIN 
    product_service_table ON Master_txn_table.business_id = product_service_table.business_id
WHERE 
    product_service_table.product_service = 'Application Hosting';"
Retail,Compare sales by customer in may last year,"select customers, sum(credit) from master_txn_table where account in ('Income','Other Income') and transaction_date BETWEEN date(current_date, '-1 year', 'start of year', '+4 month') AND date(current_date, '-1 year', 'start of year', '+5 month', '-1 day') group by customers","To compare sales by customer in May of the previous year using SQLite, you need to join the relevant tables and filter the data accordingly. Here's a step-by-step SQL query to achieve this:

1. Join the `Master_txn_table` with the `customer_table`.
2. Filter the transactions to include only those from May of the previous year.
3. Sum up the sales amounts for each customer.

Assuming the current date is used to determine ""May of the previous year,"" here's the SQL query:

```sql
SELECT 
    ct.customer_name,
    SUM(mt.amount) AS total_sales
FROM 
    Master_txn_table mt
JOIN 
    customer_table ct ON mt.business_id = ct.business_id AND mt.customer_name = ct.customer_name
WHERE 
    mt.transaction_date BETWEEN DATE('now', '-1 year') AND DATE('now', '-1 year', 'month 5')
GROUP BY 
    ct.customer_name;
```

### Explanation:
- **Master_txn_table**: This table contains all the transaction details.
- **customer_table**: This table contains information about customers.
- **DATE('now', '-1 year')**: This function returns the date one year ago from today.
- **DATE('now', '-1 year', 'month 5')**: This function returns the first day of May of the previous year.
- **SUM(mt.amount)**: This calculates the total sales amount for each customer.
- **GROUP BY ct.customer_name**: This groups the results by customer name so that we can sum up the sales for each customer.

This query will give you the total sales for each customer in May of the previous year. If you want to include other filters or additional columns, you can modify the query","SELECT 
    ct.customer_name,
    SUM(mt.amount) AS total_sales
FROM 
    Master_txn_table mt
JOIN 
    customer_table ct ON mt.business_id = ct.business_id AND mt.customer_name = ct.customer_name
WHERE 
    mt.transaction_date BETWEEN DATE('now', '-1 year') AND DATE('now', '-1 year', 'month 5')
GROUP BY 
    ct.customer_name;"
Retail,Check the sales receipts record and compute the average quantities ordered with the payment method [payment_method].,"SELECT avg(quantity_per_transaction) FROM (select transaction_id, sum(quantity) as quantity_per_transaction from master_txn_table where transaction_type = 'sales receipt' and payment_method = ""[payment_method]"" group by transaction_id)","To compute the average quantities ordered for each payment method, you can use the `AVG` function in SQLite along with a `JOIN` to link the `Master_txn_table` with the `payment_method` table. Here's how you can write the query:

```sql
SELECT 
    pm.payment_method,
    AVG(mt.quantity) AS avg_quantity
FROM 
    Master_txn_table mt
JOIN 
    payment_method pm ON mt.business_id = pm.business_id AND mt.payment_method = pm.payment_method
GROUP BY 
    pm.payment_method;
```

### Explanation:
- **Master_txn_table**: This is the main table containing all the transaction records.
- **payment_method**: This table contains the payment methods used by the transactions.
- **JOIN**: We join the two tables on the `business_id` and `payment_method` columns to ensure that we only consider transactions that match the payment method.
- **AVG(mt.quantity)**: This calculates the average of the `quantity` column from the `Master_txn_table`.
- **GROUP BY pm.payment_method**: This groups the results by the payment method so that the average quantity can be computed for each unique payment method.

This query will return a list of payment methods along with their corresponding average quantities ordered.","SELECT 
    pm.payment_method,
    AVG(mt.quantity) AS avg_quantity
FROM 
    Master_txn_table mt
JOIN 
    payment_method pm ON mt.business_id = pm.business_id AND mt.payment_method = pm.payment_method
GROUP BY 
    pm.payment_method;"
Retail,Check the sales receipts record and compute the average quantities ordered with the payment method [payment_method].,"SELECT avg(quantity_per_transaction) FROM (select transaction_id, sum(quantity) as quantity_per_transaction from master_txn_table where transaction_type = 'sales receipt' and payment_method = ""[payment_method]"" group by transaction_id)","To compute the average quantity ordered for each payment method, you can use the `AVG` function in SQLite along with a `JOIN` to link the `Master_txn_table` with the `payment_method` table. Here's how you can write the query:

```sql
SELECT 
    pm.payment_method,
    AVG(mt.quantity) AS avg_quantity
FROM 
    Master_txn_table mt
JOIN 
    payment_method pm ON mt.business_id = pm.business_id AND mt.payment_method = pm.payment_method
GROUP BY 
    pm.payment_method;
```

### Explanation:
- **Master_txn_table**: This is the main table containing all transaction details.
- **payment_method**: This table contains the payment methods used by the company.
- **JOIN**: We join the two tables on the `business_id` and `payment_method` columns to ensure that we only consider transactions that match a specific payment method.
- **AVG(mt.quantity)**: This calculates the average quantity ordered for each payment method.
- **GROUP BY pm.payment_method**: This groups the results by the payment method so that the average quantity can be computed for each distinct payment method.

This query will return a list of payment methods along with their corresponding average quantities ordered.","SELECT 
    pm.payment_method,
    AVG(mt.quantity) AS avg_quantity
FROM 
    Master_txn_table mt
JOIN 
    payment_method pm ON mt.business_id = pm.business_id AND mt.payment_method = pm.payment_method
GROUP BY 
    pm.payment_method;"
Retail,Compare sales by customer Last fiscal year,"select customers, sum(credit) from master_txn_table where account in ('Income','Other Income') and transaction_date BETWEEN date(current_date, '-3 months', 'start of year','-1 years', '+3 months') AND date(current_date, '-3 months', 'start of year','-1 years', '+3 months', '+1 years', '-1 days') group by customers","To compare sales by customer over the last fiscal year in SQLite, you need to first determine what constitutes the ""last fiscal year"" based on the `transaction_date` and then join the necessary tables to get the sales data per customer.

Assuming that the fiscal year is the same as the calendar year (January 1 to December 31), we can use the following query:

```sql
WITH FiscalYear AS (
    SELECT 
        MIN(transaction_date) AS start_date,
        MAX(transaction_date) AS end_date
    FROM Master_txn_table
    WHERE strftime('%Y', transaction_date) = strftime('%Y', 'now') - 1
)
SELECT 
    c.customer_name,
    SUM(m.amount) AS total_sales
FROM 
    Master_txn_table m
JOIN 
    customer_table c ON m.business_id = c.business_id AND m.customer_name = c.customer_name
JOIN 
    FiscalYear fy ON m.transaction_date BETWEEN fy.start_date AND fy.end_date
GROUP BY 
    c.customer_name
ORDER BY 
    total_sales DESC;
```

### Explanation:
1. **FiscalYear CTE**: This Common Table Expression (CTE) calculates the start and end dates of the last fiscal year. It assumes the fiscal year matches the calendar year.
2. **JOINs**: The query joins the `Master_txn_table`, `customer_table`, and the `FiscalYear` CTE.
3. **SUM**: It sums up the `amount` column from the `Master_txn_table` for each customer.
4. **GROUP BY**: The results are grouped by `customer_name`.
5. **ORDER BY**: The results are ordered by the total sales in descending order.

This query will give","WITH FiscalYear AS (
    SELECT 
        MIN(transaction_date) AS start_date,
        MAX(transaction_date) AS end_date
    FROM Master_txn_table
    WHERE strftime('%Y', transaction_date) = strftime('%Y', 'now') - 1
)
SELECT 
    c.customer_name,
    SUM(m.amount) AS total_sales
FROM 
    Master_txn_table m
JOIN 
    customer_table c ON m.business_id = c.business_id AND m.customer_name = c.customer_name
JOIN 
    FiscalYear fy ON m.transaction_date BETWEEN fy.start_date AND fy.end_date
GROUP BY 
    c.customer_name
ORDER BY 
    total_sales DESC;"
Retail,When was the last time we sold IT and telecommunication,"select transaction_date from master_txn_table as T1 join chart_of_accounts as T2 on T1.account = T2.account_name where account_type in ('Income','Other Income') and product_service = ""IT and telecommunication"" order by transaction_date desc limit 1","To find out when the last time you sold IT and telecommunication products or services, you can use the following SQLite query:

```sql
SELECT 
    MAX(transaction_date) AS last_transaction_date
FROM 
    Master_txn_table
JOIN 
    product_service_table ON Master_txn_table.business_id = product_service_table.business_id
WHERE 
    product_service IN ('IT', 'telecommunication');
```

This query joins the `Master_txn_table` with the `product_service_table` to filter transactions where the `product_service` is either 'IT' or 'telecommunication'. It then selects the maximum `transaction_date` from these transactions to determine the last time an IT or telecommunication product or service was sold.

Make sure that the `business_id` in both tables matches so that the join operation works correctly. If there are any issues with the schema or if you need further adjustments, please let me know!","SELECT 
    MAX(transaction_date) AS last_transaction_date
FROM 
    Master_txn_table
JOIN 
    product_service_table ON Master_txn_table.business_id = product_service_table.business_id
WHERE 
    product_service IN ('IT', 'telecommunication');"
Retail,Check the sales receipts record and compute the average quantities ordered with the payment method [payment_method].,"SELECT avg(quantity_per_transaction) FROM (select transaction_id, sum(quantity) as quantity_per_transaction from master_txn_table where transaction_type = 'sales receipt' and payment_method = ""[payment_method]"" group by transaction_id)","To compute the average quantities ordered for each payment method, you can use the `AVG` function in SQLite along with a join to link the `Master_txn_table` with the `payment_method` table. Here's how you can write the query:

```sql
SELECT 
    pm.payment_method,
    AVG(mt.quantity) AS avg_quantity
FROM 
    Master_txn_table mt
JOIN 
    payment_method pm ON mt.business_id = pm.business_id AND mt.payment_method = pm.payment_method
GROUP BY 
    pm.payment_method;
```

### Explanation:
- **Master_txn_table**: This is the main table containing all the transaction details.
- **payment_method**: This table contains the payment methods used by the company.
- **JOIN**: We join these two tables on the `business_id` and `payment_method` columns to ensure that we only consider transactions where the payment method matches.
- **AVG(mt.quantity)**: This calculates the average quantity of items ordered for each payment method.
- **GROUP BY pm.payment_method**: This groups the results by the payment method so that the average quantity can be computed for each distinct payment method.

This query will return a list of payment methods along with their corresponding average quantities ordered.","SELECT 
    pm.payment_method,
    AVG(mt.quantity) AS avg_quantity
FROM 
    Master_txn_table mt
JOIN 
    payment_method pm ON mt.business_id = pm.business_id AND mt.payment_method = pm.payment_method
GROUP BY 
    pm.payment_method;"
Retail,Compare sales by customer Last fiscal year,"select customers, sum(credit) from master_txn_table where account in ('Income','Other Income') and transaction_date BETWEEN date(current_date, '-3 months', 'start of year','-1 years', '+3 months') AND date(current_date, '-3 months', 'start of year','-1 years', '+3 months', '+1 years', '-1 days') group by customers","To compare sales by customer over the last fiscal year in SQLite, you need to first determine what constitutes the ""last fiscal year"" based on the `transaction_date`. Assuming the fiscal year starts on January 1st and ends on December 31st of each year, we can use the `strftime` function to extract the fiscal year from the `transaction_date`.

Here's a step-by-step approach to achieve this:

1. Extract the fiscal year from the `transaction_date`.
2. Filter transactions that fall within the last fiscal year.
3. Group the results by `customer_name` and sum the `sale` column.

Below is the SQL query to accomplish this:

```sql
SELECT 
    c.customer_name,
    SUM(m.sale) AS total_sales
FROM 
    Master_txn_table m
JOIN 
    customer_table c ON m.business_id = c.business_id AND m.customer_name = c.customer_name
WHERE 
    strftime('%Y', m.transaction_date) = strftime('%Y', date('now') - interval '1 year')
GROUP BY 
    c.customer_name;
```

### Explanation:
- `strftime('%Y', m.transaction_date)` extracts the year from the `transaction_date`.
- `strftime('%Y', date('now') - interval '1 year')` extracts the year from the current date minus one year.
- The `WHERE` clause filters the records to include only those where the fiscal year matches the last fiscal year.
- The `JOIN` clause links the `Master_txn_table` with the `customer_table` using the `business_id` and `customer_name`.
- The `SUM` function calculates the total sales for each customer.
- The `GROUP BY` clause groups the results by","SELECT 
    c.customer_name,
    SUM(m.sale) AS total_sales
FROM 
    Master_txn_table m
JOIN 
    customer_table c ON m.business_id = c.business_id AND m.customer_name = c.customer_name
WHERE 
    strftime('%Y', m.transaction_date) = strftime('%Y', date('now') - interval '1 year')
GROUP BY 
    c.customer_name;"
Retail,Compare sales by customer Last year,"select customers, sum(credit) from master_txn_table where account in ('Income','Other Income') and transaction_date BETWEEN date(current_date, 'start of year', '-1 days', 'start of year') AND date(current_date, 'start of year', '-1 days') group by customers","To compare sales by customer last year in SQLite, you need to filter the transactions that occurred within the last year and then group them by customer name to sum up the sales amounts. Here's how you can do it:

```sql
SELECT 
    c.customer_name,
    SUM(m.amount) AS total_sales
FROM 
    Master_txn_table m
JOIN 
    customer_table c ON m.business_id = c.business_id AND m.customer_name = c.customer_name
WHERE 
    m.transaction_date BETWEEN DATE('now', '-1 year') AND DATE('now')
GROUP BY 
    c.customer_name;
```

### Explanation:
- **Master_txn_table**: This table contains all the transaction details.
- **customer_table**: This table contains customer information.
- **JOIN**: We join `Master_txn_table` with `customer_table` on the `business_id` and `customer_name` columns to match the transactions with their respective customers.
- **WHERE**: We filter the transactions to include only those that occurred within the last year using the `BETWEEN` clause with `DATE('now', '-1 year')` and `DATE('now')`.
- **GROUP BY**: We group the results by `c.customer_name` to aggregate the sales amounts per customer.
- **SUM(m.amount)**: We sum up the `amount` column from the `Master_txn_table` to get the total sales for each customer.

This query will give you the total sales for each customer over the last year. If you want to see the breakdown of sales by month or other criteria, you can modify the `GROUP BY` clause accordingly.","SELECT 
    c.customer_name,
    SUM(m.amount) AS total_sales
FROM 
    Master_txn_table m
JOIN 
    customer_table c ON m.business_id = c.business_id AND m.customer_name = c.customer_name
WHERE 
    m.transaction_date BETWEEN DATE('now', '-1 year') AND DATE('now')
GROUP BY 
    c.customer_name;"
Retail,How much revenue came through Phillip Black Last 30 days?,"select sum(credit) from master_txn_table as T1 join chart_of_accounts as T2 on T1.account = T2.account_name where customers = """"Phillip Black"""" and account_type in ('Income','Other Income') and transaction_date BETWEEN date( current_date, ""-30 days"") AND date( current_date)","To determine the revenue that came through for ""Phillip Black"" over the last 30 days, you can use the following SQLite query. This query will join the necessary tables to filter by the specific customer and date range.

```sql
SELECT 
    SUM(amount) AS total_revenue
FROM 
    Master_txn_table
JOIN 
    customer_table ON Master_txn_table.customer_name = customer_table.customer_name
WHERE 
    Master_txn_table.transaction_type = 'sale'
    AND Master_txn_table.transaction_date >= DATE('now', '-30 days')
    AND customer_table.customer_name = 'Phillip Black';
```

### Explanation:
1. **Master_txn_table**: This table contains all transactions with columns like `transaction_type`, `amount`, and `transaction_date`.
2. **customer_table**: This table contains information about customers, including their names.
3. **JOIN**: We join the `Master_txn_table` with the `customer_table` on the `customer_name` column to filter transactions related to ""Phillip Black"".
4. **WHERE Clause**: We filter the transactions where the `transaction_type` is 'sale' and the `transaction_date` is within the last 30 days.
5. **SUM(amount)**: We sum up the `amount` column to get the total revenue.

This query will return the total revenue from sales made to ""Phillip Black"" in the last 30 days. If you need to include other types of transactions or additional conditions, you can modify the query accordingly.","SELECT 
    SUM(amount) AS total_revenue
FROM 
    Master_txn_table
JOIN 
    customer_table ON Master_txn_table.customer_name = customer_table.customer_name
WHERE 
    Master_txn_table.transaction_type = 'sale'
    AND Master_txn_table.transaction_date >= DATE('now', '-30 days')
    AND customer_table.customer_name = 'Phillip Black';"
Retail,Compare sales by customer Last month,"select customers, sum(credit) from master_txn_table where account in ('Income','Other Income') and transaction_date BETWEEN date( current_date, ""start of month"", ""-1 months"") AND date( current_date, ""start of month"", ""-1 days"") group by customers","To compare sales by customer last month in SQLite, you can use the following query:

```sql
SELECT 
    c.customer_name,
    SUM(m.amount) AS total_sales
FROM 
    Master_txn_table m
JOIN 
    customer_table c ON m.business_id = c.business_id AND m.customer_name = c.customer_name
WHERE 
    m.transaction_type = 'sale' AND 
    m.transaction_date >= DATE('now', '-1 month')
GROUP BY 
    c.customer_name
ORDER BY 
    total_sales DESC;
```

### Explanation:
- **Master_txn_table**: This table contains all transactions with columns like `transaction_type` which indicates whether it's a `sale`, `purchase`, etc.
- **customer_table**: This table contains customer information.
- **JOIN**: We join the `Master_txn_table` and `customer_table` on the `business_id` and `customer_name` to match the sales to the correct customer.
- **WHERE**: We filter the records to include only those from the last month using the `DATE('now', '-1 month')` function.
- **SUM(m.amount)**: We sum up the `amount` column for each customer to get the total sales.
- **GROUP BY**: We group the results by `customer_name` so that we can calculate the total sales per customer.
- **ORDER BY**: We order the results by `total_sales` in descending order so that the customers with the highest sales appear first.

This query will give you a list of customers along with their total sales from the last month, sorted by the amount sold.","SELECT 
    c.customer_name,
    SUM(m.amount) AS total_sales
FROM 
    Master_txn_table m
JOIN 
    customer_table c ON m.business_id = c.business_id AND m.customer_name = c.customer_name
WHERE 
    m.transaction_type = 'sale' AND 
    m.transaction_date >= DATE('now', '-1 month')
GROUP BY 
    c.customer_name
ORDER BY 
    total_sales DESC;"
Retail,What was the total invoice value for Offering fixed income funds in Last fiscal year?,"select sum(credit) from master_txn_table where transaction_type = 'invoice' and instr(account,""Offering fixed income funds"") and transaction_date BETWEEN date(current_date, '-3 months', 'start of year','-1 years', '+3 months') AND date(current_date, '-3 months', 'start of year','-1 years', '+3 months', '+1 years', '-1 days')","To find the total invoice value for offering fixed income funds in the last fiscal year, you need to join multiple tables and filter by the relevant conditions. Here's a step-by-step breakdown of how you can achieve this:

1. Join `Master_txn_table` with `product_service_table` to get the product service type.
2. Filter the records where the product service is 'fixed income funds'.
3. Filter the records from the last fiscal year.
4. Sum up the invoice values.

Assuming the fiscal year ends on December 31st of each year, we can use the `strftime` function to filter records from the last fiscal year. Here's the SQL query:

```sql
SELECT 
    SUM(amount) AS total_invoice_value
FROM 
    Master_txn_table mt
JOIN 
    product_service_table ps ON mt.business_id = ps.business_id AND mt.product_service = ps.product_service
WHERE 
    strftime('%Y', mt.transaction_date) = strftime('%Y', 'now') - 1
    AND mt.transaction_type = 'invoice'
    AND mt.product_service = 'fixed income funds';
```

Explanation:
- `strftime('%Y', mt.transaction_date)` extracts the year from the `transaction_date`.
- `strftime('%Y', 'now') - 1` calculates the previous year.
- `mt.transaction_type = 'invoice'` ensures that only invoice transactions are considered.
- `mt.product_service = 'fixed income funds'` filters the specific product service.

This query will give you the total invoice value for offering fixed income funds in the last fiscal year. Adjust the date logic if your fiscal year ends on a different date.","SELECT 
    SUM(amount) AS total_invoice_value
FROM 
    Master_txn_table mt
JOIN 
    product_service_table ps ON mt.business_id = ps.business_id AND mt.product_service = ps.product_service
WHERE 
    strftime('%Y', mt.transaction_date) = strftime('%Y', 'now') - 1
    AND mt.transaction_type = 'invoice'
    AND mt.product_service = 'fixed income funds';"
Service,How much did Natasha Chung spend on Home-care Service in July during last year?,"select sum(debit) from master_txn_table as T1 join chart_of_accounts as T2 on T1.account = T2.account_name where T1.customers = ""Natasha Chung"" and instr(account,""Home-care Service"") and strftime(""%m"", transaction_date) = '07' and strftime(""%Y"", transaction_date) = strftime('%Y', current_date) - 1 and account_type in ('Expense','Other Expense')","To find out how much Natasha Chung spent on the Home-care Service in July during the previous year, you need to join multiple tables and filter by the specific criteria. Here's a step-by-step breakdown of the query:

1. Join `Master_txn_table` with `customer_table` to get the customer details.
2. Join `product_service_table` to get the product/service type.
3. Filter the transactions by the customer name ""Natasha Chung"".
4. Filter the transactions by the product/service type ""Home-care Service"".
5. Filter the transactions by the month of July and the year before the current year.

Here is the SQL query that accomplishes this:

```sql
SELECT 
    SUM(amount) AS total_spent
FROM 
    Master_txn_table m
JOIN 
    customer_table c ON m.customer_name = c.customer_name
JOIN 
    product_service_table ps ON m.product_service = ps.product_service
WHERE 
    c.customer_name = 'Natasha Chung'
    AND ps.product_service = 'Home-care Service'
    AND strftime('%Y-%m', m.transaction_date) = '2022-07';
```

### Explanation:
- `SUM(amount)` calculates the total amount spent.
- `strftime('%Y-%m', m.transaction_date) = '2022-07'` ensures that only transactions from July 2022 are considered.
- The `WHERE` clause filters the transactions by the customer name ""Natasha Chung"" and the product/service type ""Home-care Service"".

This query assumes that the current year is 2023, so it filters for transactions in July 2022. Adjust the year if needed based on the current","SELECT 
    SUM(amount) AS total_spent
FROM 
    Master_txn_table m
JOIN 
    customer_table c ON m.customer_name = c.customer_name
JOIN 
    product_service_table ps ON m.product_service = ps.product_service
WHERE 
    c.customer_name = 'Natasha Chung'
    AND ps.product_service = 'Home-care Service'
    AND strftime('%Y-%m', m.transaction_date) = '2022-07';"
Service,How many Service Provisioning did we sell to James Wood Last year?,"select sum(quantity) from master_txn_table where customers = ""James Wood"" and product_service = 'Service Provisioning' and transaction_type in ('invoice', 'sales receipt') and transaction_date BETWEEN date(current_date, 'start of year', '-1 days', 'start of year') AND date(current_date, 'start of year', '-1 days')","To determine how many service provisions were sold to ""James Wood"" last year, you can use the following SQLite query:

```sql
SELECT COUNT(*) AS total_sales
FROM Master_txn_table
JOIN customer_table ON Master_txn_table.customer_name = customer_table.customer_name
WHERE Master_txn_table.transaction_type = 'sale'
  AND Master_txn_table.product_service LIKE '%Service Provisioning%'
  AND customer_table.customer_full_name = 'James Wood'
  AND strftime('%Y', Master_txn_table.transaction_date) = '2023';
```

### Explanation:
1. **Master_txn_table**: This table contains all transactions and their details.
2. **customer_table**: This table contains information about customers.
3. **JOIN**: We join `Master_txn_table` with `customer_table` on the `customer_name` column to filter by the specific customer.
4. **WHERE Clause**:
   - `transaction_type = 'sale'`: Filters only sales transactions.
   - `product_service LIKE '%Service Provisioning%'`: Filters transactions where the `product_service` field contains ""Service Provisioning"".
   - `customer_table.customer_full_name = 'James Wood'`: Filters the customer name to be ""James Wood"".
   - `strftime('%Y', Master_txn_table.transaction_date) = '2023'`: Filters the transactions to those from the year 2023.
5. **COUNT(*) AS total_sales**: Counts the number of matching records.

This query will give you the count of service provisions sold to ""James Wood"" in the year 2023. Adjust the year as needed if you want to change the time frame.","SELECT COUNT(*) AS total_sales
FROM Master_txn_table
JOIN customer_table ON Master_txn_table.customer_name = customer_table.customer_name
WHERE Master_txn_table.transaction_type = 'sale'
  AND Master_txn_table.product_service LIKE '%Service Provisioning%'
  AND customer_table.customer_full_name = 'James Wood'
  AND strftime('%Y', Master_txn_table.transaction_date) = '2023';"
Service,Number of invoices created for Application service provisioning in This month to date?,"select count(distinct transaction_id) from master_txn_table where transaction_type = 'invoice' and instr(account,""Application service provisioning"") and transaction_date BETWEEN date( current_date, ""start of month"") AND date( current_date)","To find the number of invoices created for ""Application service provisioning"" in the current month, you can use the following SQLite query:

```sql
SELECT COUNT(*) AS invoice_count
FROM Master_txn_table
JOIN product_service_table ON Master_txn_table.business_id = product_service_table.business_id
WHERE Master_txn_table.transaction_type = 'invoice'
  AND product_service_table.product_service = 'Application service provisioning'
  AND strftime('%Y-%m', Master_txn_table.transaction_date) = strftime('%Y-%m', CURRENT_DATE);
```

### Explanation:
- `Master_txn_table`: This table contains all transactions, including invoices.
- `product_service_table`: This table maps the `product_service` column from `Master_txn_table` to its corresponding type.
- `transaction_type = 'invoice'`: Filters out only those transactions that are invoices.
- `product_service = 'Application service provisioning'`: Filters the specific product/service type.
- `strftime('%Y-%m', Master_txn_table.transaction_date) = strftime('%Y-%m', CURRENT_DATE)`: Filters the transactions that occurred this month.

This query will return the count of invoices created for ""Application service provisioning"" within the current month.","SELECT COUNT(*) AS invoice_count
FROM Master_txn_table
JOIN product_service_table ON Master_txn_table.business_id = product_service_table.business_id
WHERE Master_txn_table.transaction_type = 'invoice'
  AND product_service_table.product_service = 'Application service provisioning'
  AND strftime('%Y-%m', Master_txn_table.transaction_date) = strftime('%Y-%m', CURRENT_DATE);"
Service,How much did Johnathan Chaney spend on Full-service restaurants in July during last year?,"select sum(debit) from master_txn_table as T1 join chart_of_accounts as T2 on T1.account = T2.account_name where T1.customers = ""Johnathan Chaney"" and instr(account,""Full-service restaurants"") and strftime(""%m"", transaction_date) = '07' and strftime(""%Y"", transaction_date) = strftime('%Y', current_date) - 1 and account_type in ('Expense','Other Expense')","To determine how much Johnathan Chaney spent on full-service restaurants in July during the previous year using SQLite, you can follow these steps:

1. Identify the relevant tables and columns that contain the necessary information.
2. Filter the data to include only the transactions made by Johnathan Chaney.
3. Filter the data to include only transactions from full-service restaurants.
4. Filter the data to include only transactions from July of the previous year.
5. Sum up the amounts for these transactions.

Here is the SQL query to achieve this:

```sql
SELECT 
    SUM(amount) AS total_spent
FROM 
    Master_txn_table
JOIN 
    customer_table ON Master_txn_table.customer_name = customer_table.customer_name
JOIN 
    product_service_table ON Master_txn_table.product_service = product_service_table.product_service
WHERE 
    Master_txn_table.transaction_date BETWEEN DATE('now', '-1 year') AND DATE('now')
    AND Master_txn_table.customer_name = 'Johnathan Chaney'
    AND product_service_table.product_service_type = 'Full-service restaurants'
    AND strftime('%Y-%m', Master_txn_table.transaction_date) = '2022-07';
```

### Explanation:
- **Master_txn_table**: This table contains all the transaction details.
- **customer_table**: This table contains customer information, including the customer's name.
- **product_service_table**: This table contains information about the products or services purchased.
- **DATE('now', '-1 year')**: This function returns the date one year ago from today.
- **strftime('%Y-%m', Master_txn_table.transaction_date)**: This function extracts the year and month from the `transaction_date` column.
- **SUM(amount)**:","SELECT 
    SUM(amount) AS total_spent
FROM 
    Master_txn_table
JOIN 
    customer_table ON Master_txn_table.customer_name = customer_table.customer_name
JOIN 
    product_service_table ON Master_txn_table.product_service = product_service_table.product_service
WHERE 
    Master_txn_table.transaction_date BETWEEN DATE('now', '-1 year') AND DATE('now')
    AND Master_txn_table.customer_name = 'Johnathan Chaney'
    AND product_service_table.product_service_type = 'Full-service restaurants'
    AND strftime('%Y-%m', Master_txn_table.transaction_date) = '2022-07';"
Service,How much did Anna Chaney spend on Social Service in July during last year?,"select sum(debit) from master_txn_table as T1 join chart_of_accounts as T2 on T1.account = T2.account_name where T1.customers = ""Anna Chaney"" and instr(account,""Social Service"") and strftime(""%m"", transaction_date) = '07' and strftime(""%Y"", transaction_date) = strftime('%Y', current_date) - 1 and account_type in ('Expense','Other Expense')","To determine how much Anna Chaney spent on Social Service in July during the previous year, you can use the following SQLite query:

```sql
SELECT SUM(amount) AS total_spent
FROM Master_txn_table
JOIN customer_table ON Master_txn_table.customer_name = customer_table.customer_name
JOIN product_service_table ON Master_txn_table.product_service = product_service_table.product_service
WHERE customer_table.customer_name = 'Anna Chaney'
  AND Master_txn_table.transaction_date BETWEEN DATE('now', '-1 year') AND DATE('now')
  AND Master_txn_table.product_service = 'Social Service'
  AND strftime('%Y-%m', Master_txn_table.transaction_date) = '2023-07';
```

### Explanation:
1. **JOINs**: We join `Master_txn_table` with `customer_table` to get the customer's name and details, and with `product_service_table` to get the product/service type.
2. **WHERE Clause**:
   - `customer_table.customer_name = 'Anna Chaney'`: Filters the transactions for the specific customer named Anna Chaney.
   - `Master_txn_table.transaction_date BETWEEN DATE('now', '-1 year') AND DATE('now')`: Filters the transactions within the last year.
   - `Master_txn_table.product_service = 'Social Service'`: Filters the transactions for the specific product/service type.
   - `strftime('%Y-%m', Master_txn_table.transaction_date) = '2023-07'`: Ensures that the transactions are from the month of July in the previous year.
3. **SUM(amount)**: Calculates the total amount spent by Anna Chaney on Social Service in July during the previous year.

Make sure to adjust the","SELECT SUM(amount) AS total_spent
FROM Master_txn_table
JOIN customer_table ON Master_txn_table.customer_name = customer_table.customer_name
JOIN product_service_table ON Master_txn_table.product_service = product_service_table.product_service
WHERE customer_table.customer_name = 'Anna Chaney'
  AND Master_txn_table.transaction_date BETWEEN DATE('now', '-1 year') AND DATE('now')
  AND Master_txn_table.product_service = 'Social Service'
  AND strftime('%Y-%m', Master_txn_table.transaction_date) = '2023-07';"
Service,How much did Andrew Parker spend on Full-service restaurants in July during last year?,"select sum(debit) from master_txn_table as T1 join chart_of_accounts as T2 on T1.account = T2.account_name where T1.customers = ""Andrew Parker"" and instr(account,""Full-service restaurants"") and strftime(""%m"", transaction_date) = '07' and strftime(""%Y"", transaction_date) = strftime('%Y', current_date) - 1 and account_type in ('Expense','Other Expense')","To determine how much Andrew Parker spent on full-service restaurants in July during the previous year using SQLite, you need to join multiple tables and filter by the specific criteria. Here's a step-by-step breakdown of the query:

1. **Join the necessary tables**: You'll need to join `Master_txn_table`, `product_service_table`, `customer_table`, and `employee_table` to get the required information.
2. **Filter by date**: Ensure the transactions occurred in July of the previous year.
3. **Filter by customer name**: Ensure the transactions were made by Andrew Parker.
4. **Filter by product service type**: Ensure the product service is ""Full-service restaurants"".
5. **Sum the amounts**: Sum up all the amounts that meet the above criteria.

Here's the SQL query:

```sql
SELECT 
    SUM(amount) AS total_spent
FROM 
    Master_txn_table mt
JOIN 
    product_service_table psv ON mt.business_id = psv.business_id AND mt.product_service = psv.product_service
JOIN 
    customer_table ct ON mt.business_id = ct.business_id AND mt.customer_name = ct.customer_name
JOIN 
    employee_table emp ON mt.business_id = emp.business_id AND emp.employee_name = 'Andrew Parker'
WHERE 
    mt.transaction_date BETWEEN DATE('now', '-1 year') AND DATE('now', '-1 year', 'month 7')
    AND mt.product_service = 'Full-service restaurants';
```

### Explanation:
- **Master_txn_table**: Contains the transaction details.
- **product_service_table**: Maps the product service to its type.
- **customer_table**: Contains customer details.
- **employee_table**: Contains employee details.

### Filters:
- `DATE('","SELECT 
    SUM(amount) AS total_spent
FROM 
    Master_txn_table mt
JOIN 
    product_service_table psv ON mt.business_id = psv.business_id AND mt.product_service = psv.product_service
JOIN 
    customer_table ct ON mt.business_id = ct.business_id AND mt.customer_name = ct.customer_name
JOIN 
    employee_table emp ON mt.business_id = emp.business_id AND emp.employee_name = 'Andrew Parker'
WHERE 
    mt.transaction_date BETWEEN DATE('now', '-1 year') AND DATE('now', '-1 year', 'month 7')
    AND mt.product_service = 'Full-service restaurants';"
Service,How many Service Provisioning did we sell to Leonard Bennett This fiscal year?,"select sum(quantity) from master_txn_table where customers = ""Leonard Bennett"" and product_service = 'Service Provisioning' and transaction_type in ('invoice', 'sales receipt') and transaction_date BETWEEN date(current_date, '-3 months', 'start of year', '+3 months') AND date(current_date)","To determine how many service provisions were sold to Leonard Bennett this fiscal year, you need to join the relevant tables and filter by the customer name ""Leonard Bennett"" and the fiscal year. Assuming the fiscal year is represented in the `transaction_date` column, you can use the following SQLite query:

```sql
SELECT COUNT(*) AS service_provisions_sold
FROM Master_txn_table
JOIN customer_table ON Master_txn_table.customer_name = customer_table.customer_name
WHERE Master_txn_table.customer_name = 'Leonard Bennett'
  AND strftime('%Y', Master_txn_table.transaction_date) = strftime('%Y', 'now')
  AND Master_txn_table.transaction_type = 'Service Provisioning';
```

### Explanation:
1. **Master_txn_table**: This table contains all transactions.
2. **customer_table**: This table contains information about customers.
3. **strftime('%Y', Master_txn_table.transaction_date)**: This function extracts the year from the `transaction_date`.
4. **strftime('%Y', 'now')**: This function extracts the current year.
5. **transaction_type = 'Service Provisioning'**: Filters the transactions that are of type 'Service Provisioning'.

This query will return the count of service provisions sold to Leonard Bennett in the current fiscal year. Adjust the `transaction_type` value if it's different in your dataset.","SELECT COUNT(*) AS service_provisions_sold
FROM Master_txn_table
JOIN customer_table ON Master_txn_table.customer_name = customer_table.customer_name
WHERE Master_txn_table.customer_name = 'Leonard Bennett'
  AND strftime('%Y', Master_txn_table.transaction_date) = strftime('%Y', 'now')
  AND Master_txn_table.transaction_type = 'Service Provisioning';"
Service,Number of invoices created for Home-care Service in This year?,"select count(distinct transaction_id) from master_txn_table where transaction_type = 'invoice' and instr(account,""Home-care Service"") and transaction_date BETWEEN date(current_date, 'start of year') AND date(current_date)","To determine the number of invoices created for the ""Home-care Service"" in the current year, you can use the following SQLite query:

```sql
SELECT COUNT(*) AS invoice_count
FROM Master_txn_table
JOIN product_service_table ON Master_txn_table.business_id = product_service_table.business_id
WHERE product_service = 'Home-care Service'
AND strftime('%Y', transaction_date) = strftime('%Y', 'now');
```

### Explanation:
1. **Master_txn_table**: This table contains all transactions and their details.
2. **product_service_table**: This table contains information about the products or services offered by the company.
3. **strftime('%Y', 'now')**: This function returns the current year as a string. We compare it with the year part of `transaction_date` to filter transactions that occurred this year.

This query will return the count of invoices (transactions) where the `product_service` is 'Home-care Service' and the `transaction_date` falls within the current year.","SELECT COUNT(*) AS invoice_count
FROM Master_txn_table
JOIN product_service_table ON Master_txn_table.business_id = product_service_table.business_id
WHERE product_service = 'Home-care Service'
AND strftime('%Y', transaction_date) = strftime('%Y', 'now');"
Service,Number of invoices created for Full-service restaurants in MTD?,"select count(distinct transaction_id) from master_txn_table where transaction_type = 'invoice' and instr(account,""Full-service restaurants"") and transaction_date BETWEEN date( current_date, ""start of month"") AND date( current_date)","To determine the number of invoices created for Full-service restaurants in the current month-to-date (MTD), you need to filter the `Master_txn_table` based on the `transaction_type`, `product_service`, and `account` fields. Additionally, you should ensure that the `transaction_date` is within the current MTD.

Here's a step-by-step approach:

1. Identify the current month and year.
2. Filter the `Master_txn_table` to include only transactions with `transaction_type` as 'invoice'.
3. Filter the `product_service` to be 'Full-service restaurant'.
4. Ensure the `transaction_date` is within the current MTD.
5. Count the number of such transactions.

Assuming the current date is stored in a variable or can be obtained using SQLite functions, here's the SQL query:

```sql
SELECT COUNT(*)
FROM Master_txn_table
WHERE transaction_type = 'invoice'
  AND product_service = 'Full-service restaurant'
  AND transaction_date >= DATE('now', '-1 month')
  AND transaction_date < DATE('now');
```

Explanation:
- `DATE('now')` gets the current date.
- `DATE('now', '-1 month')` subtracts one month from the current date.
- `transaction_date >= DATE('now', '-1 month')` ensures the transaction date is within the last month.
- `transaction_date < DATE('now')` ensures the transaction date is before the current date, effectively capturing the MTD.

This query will give you the count of invoices created for Full-service restaurants in the current month-to-date. Adjust the logic if your database uses different methods to determine the current date.","SELECT COUNT(*)
FROM Master_txn_table
WHERE transaction_type = 'invoice'
  AND product_service = 'Full-service restaurant'
  AND transaction_date >= DATE('now', '-1 month')
  AND transaction_date < DATE('now');"
Service,Number of invoices created for Full-service restaurants in This quarter to date?,"select count(distinct transaction_id) from master_txn_table where transaction_type = 'invoice' and instr(account,""Full-service restaurants"") and transaction_date >= strftime('%Y-%m-%d', strftime('%Y', 'now', '-1 year') || '-' || substr('00' || (((strftime('%m', 'now') - 1) / 3) * 3 + 1), -2, 2) || '-01')","To determine the number of invoices created for full-service restaurants in the current quarter to date, you need to join multiple tables and filter by relevant conditions. Here's a step-by-step breakdown of the query:

1. **Join Tables**: You'll need to join `customer_table`, `product_service_table`, and `Master_txn_table` to get the necessary information.
2. **Filter Conditions**: Apply filters to identify full-service restaurants (`product_service_type = 'Full-Service'`) and invoices (`transaction_type = 'Invoice'`).
3. **Date Filter**: Use a condition to filter transactions that occurred within the current quarter.

Here is the SQL query to achieve this:

```sql
SELECT COUNT(*) AS invoice_count
FROM Master_txn_table m
JOIN customer_table c ON m.customer_name = c.customer_name
JOIN product_service_table ps ON m.product_service = ps.product_service
WHERE m.transaction_type = 'Invoice'
  AND ps.product_service_type = 'Full-Service'
  AND m.transaction_date >= DATE('now', '-3 months') -- Assuming the current quarter starts 3 months ago
  AND m.transaction_date < DATE('now')
GROUP BY m.business_id;
```

### Explanation:
- **JOIN Statements**: 
  - `JOIN customer_table c ON m.customer_name = c.customer_name`: Joins the `Master_txn_table` with the `customer_table` on the `customer_name`.
  - `JOIN product_service_table ps ON m.product_service = ps.product_service`: Joins the `Master_txn_table` with the `product_service_table` on the `product_service`.

- **Conditions**:
  - `m.transaction_type = 'Invoice'`: Filters for transactions that are invoices.
  -","SELECT COUNT(*) AS invoice_count
FROM Master_txn_table m
JOIN customer_table c ON m.customer_name = c.customer_name
JOIN product_service_table ps ON m.product_service = ps.product_service
WHERE m.transaction_type = 'Invoice'
  AND ps.product_service_type = 'Full-Service'
  AND m.transaction_date >= DATE('now', '-3 months') -- Assuming the current quarter starts 3 months ago
  AND m.transaction_date < DATE('now')
GROUP BY m.business_id;"
Service,How many Service Provisioning did we sell to Amanda Johnson in q1 this year?,"select sum(quantity) from master_txn_table where customers = ""Amanda Johnson"" and product_service = 'Service Provisioning' and transaction_type in ('invoice', 'sales receipt') and transaction_date BETWEEN date(current_date, 'start of year') AND date(current_date, 'start of year', '+3 month', '-1 day')","To determine how many service provisions were sold to Amanda Johnson in Q1 of the current year, you can use the following SQLite query:

```sql
SELECT COUNT(*) AS service_provisions_sold
FROM Master_txn_table
JOIN customer_table ON Master_txn_table.customer_name = customer_table.customer_name
WHERE Master_txn_table.transaction_type = 'sale'
  AND Master_txn_table.product_service LIKE '%service%'
  AND customer_table.customer_full_name = 'Amanda Johnson'
  AND strftime('%Y-%m', Master_txn_table.transaction_date) = strftime('%Y-%m', '2023-01-01');
```

### Explanation:
1. **Master_txn_table**: This table contains all transactions and their details.
2. **customer_table**: This table contains information about customers.
3. **JOIN**: We join `Master_txn_table` with `customer_table` on the `customer_name` column to filter by the specific customer.
4. **WHERE Clause**:
   - `transaction_type = 'sale'`: Filters only sales transactions.
   - `product_service LIKE '%service%'`: Ensures that the product/service is related to services.
   - `customer_table.customer_full_name = 'Amanda Johnson'`: Filters the customer name.
   - `strftime('%Y-%m', Master_txn_table.transaction_date) = strftime('%Y-%m', '2023-01-01')`: Filters the transactions within the first quarter of the current year (Q1 2023).

This query will return the count of service provisions sold to Amanda Johnson in Q1 of the current year. Adjust the date range if needed based on your specific requirements.","SELECT COUNT(*) AS service_provisions_sold
FROM Master_txn_table
JOIN customer_table ON Master_txn_table.customer_name = customer_table.customer_name
WHERE Master_txn_table.transaction_type = 'sale'
  AND Master_txn_table.product_service LIKE '%service%'
  AND customer_table.customer_full_name = 'Amanda Johnson'
  AND strftime('%Y-%m', Master_txn_table.transaction_date) = strftime('%Y-%m', '2023-01-01');"
Service,Number of invoices created for Legal & Professional Fees in Last year?,"select count(distinct transaction_id) from master_txn_table where transaction_type = 'invoice' and instr(account,""Legal & Professional Fees"") and transaction_date BETWEEN date(current_date, 'start of year', '-1 days', 'start of year') AND date(current_date, 'start of year', '-1 days')","To find the number of invoices created for ""Legal & Professional Fees"" in the last year, you can use the following SQLite query:

```sql
SELECT COUNT(*) AS invoice_count
FROM Master_txn_table
JOIN product_service_table ON Master_txn_table.business_id = product_service_table.business_id
WHERE product_service_table.product_service = 'Legal & Professional Fees'
AND strftime('%Y', Master_txn_table.transaction_date) = strftime('%Y', date('now') - interval '1 year');
```

### Explanation:
- **Master_txn_table**: This table contains all transactions and their details.
- **product_service_table**: This table contains the product or service types associated with each transaction.
- **strftime('%Y', Master_txn_table.transaction_date)**: This function extracts the year from the `transaction_date` column.
- **strftime('%Y', date('now') - interval '1 year')**: This function calculates the year one year before the current year.
- **COUNT(*) AS invoice_count**: This counts the number of invoices that meet the criteria.

This query will return the count of invoices where the product/service type is ""Legal & Professional Fees"" and the transaction date falls within the last calendar year.","SELECT COUNT(*) AS invoice_count
FROM Master_txn_table
JOIN product_service_table ON Master_txn_table.business_id = product_service_table.business_id
WHERE product_service_table.product_service = 'Legal & Professional Fees'
AND strftime('%Y', Master_txn_table.transaction_date) = strftime('%Y', date('now') - interval '1 year');"
Service,How much did Kayla Lane spend on Providing 24-hour home care in July during last year?,"select sum(debit) from master_txn_table as T1 join chart_of_accounts as T2 on T1.account = T2.account_name where T1.customers = ""Kayla Lane"" and instr(account,""Providing 24-hour home care"") and strftime(""%m"", transaction_date) = '07' and strftime(""%Y"", transaction_date) = strftime('%Y', current_date) - 1 and account_type in ('Expense','Other Expense')","To determine how much Kayla Lane spent on providing 24-hour home care in July during the last year, we need to join multiple tables and filter the data based on the conditions provided.

Here's a step-by-step breakdown of the query:

1. **Join the necessary tables**: We need to join `Master_txn_table`, `customer_table`, `product_service_table`, and `payment_method` to get all the required information.
2. **Filter by date range**: We need to filter the transactions to only include those from July of the last year.
3. **Filter by customer name**: We need to filter the results to only include transactions for Kayla Lane.
4. **Filter by product service**: We need to filter the results to only include transactions for 24-hour home care.
5. **Sum the amounts**: Finally, we sum up the amounts for these filtered transactions.

Here is the SQL query that accomplishes this:

```sql
SELECT 
    SUM(amount) AS total_spent
FROM 
    Master_txn_table mt
JOIN 
    customer_table c ON mt.customer_name = c.customer_name
JOIN 
    product_service_table ps ON mt.product_service = ps.product_service
JOIN 
    payment_method pm ON mt.payment_method = pm.payment_method
WHERE 
    mt.transaction_date BETWEEN DATE('now', '-1 year') AND DATE('now', '-1 year', 'month=7')
    AND c.customer_name = 'Kayla Lane'
    AND ps.product_service = '24-hour home care';
```

### Explanation:
- **Master_txn_table**: This table contains all the transaction details.
- **customer_table**: This table contains customer information.
- **product_service_table**: This table","SELECT 
    SUM(amount) AS total_spent
FROM 
    Master_txn_table mt
JOIN 
    customer_table c ON mt.customer_name = c.customer_name
JOIN 
    product_service_table ps ON mt.product_service = ps.product_service
JOIN 
    payment_method pm ON mt.payment_method = pm.payment_method
WHERE 
    mt.transaction_date BETWEEN DATE('now', '-1 year') AND DATE('now', '-1 year', 'month=7')
    AND c.customer_name = 'Kayla Lane'
    AND ps.product_service = '24-hour home care';"
Service,How many Service Provider did we sell to Robert Townsend in jan this year?,"select sum(quantity) from master_txn_table where customers = ""Robert Townsend"" and product_service = 'Service Provider' and transaction_type in ('invoice', 'sales receipt') and transaction_date BETWEEN date(current_date, 'start of year') AND date(current_date, 'start of year', '+1 month', '-1 day')","To determine how many service providers sold services to Robert Townsend in January of the current year, you can use the following SQLite query:

```sql
SELECT COUNT(DISTINCT service_provider)
FROM (
    SELECT 
        p.product_service AS service_provider,
        c.customer_name AS customer_name
    FROM 
        Master_txn_table m
    JOIN 
        customer_table c ON m.business_id = c.business_id AND c.customer_name = 'Robert Townsend'
    WHERE 
        m.transaction_date LIKE '2023-01%' -- Adjust the year as needed
) AS subquery;
```

### Explanation:
1. **Master_txn_table**: This table contains all transactions.
2. **customer_table**: This table contains information about customers.
3. **JOIN**: We join `Master_txn_table` with `customer_table` on the `business_id` and `customer_name`.
4. **WHERE Clause**: We filter the results to only include transactions from January of the current year (`2023-01%`).
5. **COUNT(DISTINCT service_provider)**: We count the distinct service providers that sold services to Robert Townsend in January.

### Notes:
- Replace `'2023-01%'` with the appropriate date range if the year is different.
- Ensure that the `customer_name` in `customer_table` is correctly set to 'Robert Townsend' or adjust it according to your specific needs.
- If you need to adjust the year dynamically based on the current year, you might want to use a more complex query involving `strftime` or similar functions depending on your SQLite version.

If you need further adjustments or have additional requirements, please let me know!","SELECT COUNT(DISTINCT service_provider)
FROM (
    SELECT 
        p.product_service AS service_provider,
        c.customer_name AS customer_name
    FROM 
        Master_txn_table m
    JOIN 
        customer_table c ON m.business_id = c.business_id AND c.customer_name = 'Robert Townsend'
    WHERE 
        m.transaction_date LIKE '2023-01%' -- Adjust the year as needed
) AS subquery;"
Service,How much did Cindy Sheppard spend on Home-care Service in July during last year?,"select sum(debit) from master_txn_table as T1 join chart_of_accounts as T2 on T1.account = T2.account_name where T1.customers = ""Cindy Sheppard"" and instr(account,""Home-care Service"") and strftime(""%m"", transaction_date) = '07' and strftime(""%Y"", transaction_date) = strftime('%Y', current_date) - 1 and account_type in ('Expense','Other Expense')","To determine how much Cindy Sheppard spent on the Home-care Service in July during the previous year, you need to join multiple tables and filter the data accordingly. Here's a step-by-step breakdown of the query:

1. Join `Master_txn_table` with `product_service_table` to get the product/service information.
2. Join `customer_table` to get the customer details.
3. Filter the transactions by the specific customer name (`Cindy Sheppard`), the product/service type (`Home-care Service`), and the date range (July of the previous year).

Here is the SQLite query:

```sql
SELECT 
    SUM(amount) AS total_spent
FROM 
    Master_txn_table mt
JOIN 
    product_service_table psv ON mt.business_id = psv.business_id AND mt.product_service = psv.product_service
JOIN 
    customer_table ct ON mt.business_id = ct.business_id AND mt.customer_name = ct.customer_name
WHERE 
    mt.transaction_date BETWEEN DATE('now', '-1 year') AND DATE('now', '-1 year', 'month 7')
    AND ct.customer_name = 'Cindy Sheppard'
    AND psv.product_service_type = 'Home-care Service';
```

### Explanation:
- **Master_txn_table**: Contains all transaction details.
- **product_service_table**: Maps the product/service names to their types.
- **customer_table**: Contains customer details.
- **JOIN conditions**: Ensure that the business ID matches across tables.
- **WHERE clause**: Filters the transactions by the specific customer name (`Cindy Sheppard`), the product/service type (`Home-care Service`), and the date range (July of the previous year).

This query will return the total amount spent","SELECT 
    SUM(amount) AS total_spent
FROM 
    Master_txn_table mt
JOIN 
    product_service_table psv ON mt.business_id = psv.business_id AND mt.product_service = psv.product_service
JOIN 
    customer_table ct ON mt.business_id = ct.business_id AND mt.customer_name = ct.customer_name
WHERE 
    mt.transaction_date BETWEEN DATE('now', '-1 year') AND DATE('now', '-1 year', 'month 7')
    AND ct.customer_name = 'Cindy Sheppard'
    AND psv.product_service_type = 'Home-care Service';"
